id;course_classification;course_name;course_image;course_describe;course_price;course_chapter;course_introduction;course_video;presenter;presenter_image;presenter_introduction;create_time
1;THX pink even-keeled;bus Internal AI;THX bypassing Marketing;Dynamic Home Loan Account Tools;10147;invoice Home Gloves;Buckinghamshire Ports;Devolved driver Networked;Fish;payment calculating;local area network Benin;2019-11-06T15:37:19
2;withdrawal Ergonomic;Strategist target;Investor users dot-com;North Dakota Cambridgeshire;19524;sensor;Alaska;deposit Chips Applications;uniform PCI back up;Tactics architectures Planner;Facilitator Incredible functionalities;2019-11-06T23:15:05
3;eco-centric Bedfordshire mesh;Configuration UIC-Franc;Ergonomic Concrete Soap Zambian Kwacha;Concrete Bedfordshire;87737;program;Metal array France;redundant;Synergistic Personal Loan Account Sleek;Borders;olive Handcrafted Cotton Bacon Unbranded Fresh Pants;2019-11-07T03:10:13
4;California interfaces;Garden Dale Wallis and Futuna;generating;Computers Small Fresh Gloves back-end;12706;South Georgia and the South Sandwich Islands;composite Orchestrator Club;Intelligent Granite Shirt Peru deposit;Frozen Analyst card;redundant;content;2019-11-06T09:58:35
5;Ameliorated;Brand;infomediaries Som Rustic Frozen Keyboard;Enterprise-wide Benin;71459;invoice;invoice;alarm Jamaica;system Gorgeous Rubber Pants;hack;leading-edge;2019-11-07T01:37:48
6;Small;JBOD;Shoes Music connect;Hollow Shoes systems;39850;Personal Loan Account;HTTP explicit;Personal Loan Account;Cambridgeshire Norfolk Island;Soap Tasty Metal Sausages Outdoors;invoice multi-byte;2019-11-06T11:34:53
7;North Carolina Granite;Somalia Web revolutionize;invoice teal analyzing;Fantastic;1822;Generic;robust withdrawal generate;Garden open-source hybrid;Solomon Islands Dollar;Personal Loan Account HTTP;schemas Specialist China;2019-11-06T17:40:12
8;South Dakota Wyoming interface;incentivize;Louisiana JSON Texas;bandwidth;75087;compress Fantastic Global;Buckinghamshire monetize;Direct;Small Frozen Salad bypassing;time-frame Quality;Borders Borders Practical;2019-11-07T01:37:56
9;Money Market Account;Danish Krone parse;neural Wooden Optimization;Tasty Rubber Car mindshare EXE;35091;Frozen Metal program;SDD bypassing;Algerian Dinar Fantastic Fresh Salad;Steel Avon Visionary;exploit transition;User-centric Principal Pennsylvania;2019-11-06T19:25:41
10;bandwidth Buckinghamshire;Oklahoma communities;array supply-chains Advanced;Parkway Handmade Wooden Cheese;11752;payment synthesize Idaho;seize Glen Refined;Mandatory Assistant;Strategist;Incredible Fresh Car Tuvalu;Senior Optional Yemeni Rial;2019-11-07T02:01:22
