id;user_id;file_name;file_content;create_time
1;33660;Rubber Awesome Frozen Mouse;Trinidad and Tobago Dollar;2019-11-07T01:43:28
2;25464;UAE Dirham;Rubber Mall Investment Account;2019-11-06T08:46:14
3;34886;Configuration;parse infrastructures Mobility;2019-11-06T04:03:04
4;93834;Shirt;Mobility;2019-11-06T10:30:55
5;57447;synthesizing;synthesizing;2019-11-06T09:49:17
6;20162;Bacon Mouse open-source;payment National;2019-11-06T20:14:41
7;87720;whiteboard indexing;interface Central;2019-11-06T12:51:18
8;30137;index Borders;customized;2019-11-06T18:26:16
9;38389;Bahrain Future;Bouvet Island (Bouvetoya) experiences;2019-11-06T19:50:45
10;62770;cross-media Wooden optical;Borders reboot;2019-11-06T14:04:40
