id;user_id;title;content;create_time
1;2058;Producer;Implementation Electronics Officer;2019-11-06T13:00:49
2;30424;Albania web-readiness;Namibia;2019-11-06T18:14:12
3;13949;zero administration;Multi-channelled Licensed;2019-11-06T12:59:31
4;19967;Cambridgeshire Mississippi;HDD;2019-11-06T11:30:21
5;17052;Small Frozen Sausages Planner;envisioneer Music Public-key;2019-11-06T22:02:55
6;44015;Rubber Buckinghamshire Games;incentivize Tuna copy;2019-11-06T17:37:46
7;52006;Mayotte;Industrial;2019-11-06T07:37:07
8;77513;Markets Chief;capacitor archive;2019-11-06T14:08:33
9;19598;Tasty Plastic Pizza scale;South Georgia and the South Sandwich Islands;2019-11-06T13:45:05
10;35675;mission-critical Faroe Islands Plastic;Car Industrial deliverables;2019-11-06T18:21:22
